rows,columns,implications,broken,modifiedUpdate,naiveUpdate,wildUpdate
12,15,677,82,69,577,150
14,15,815,65,56,662,244
14,15,741,32,66,551,85
11,15,518,67,36,308,107
15,12,216,34,11,68,29
14,14,599,38,51,420,57
14,14,573,9,54,270,44
11,12,160,6,3,21,13
14,13,514,55,39,284,91
14,13,519,51,39,267,79
14,11,169,25,3,27,22
14,11,185,19,7,31,14
11,12,282,13,13,68,26
13,15,902,31,119,948,127
15,12,303,15,16,59,24
15,12,382,8,23,117,26
13,13,275,2,15,55,21
14,12,213,15,12,62,17
11,11,161,16,5,22,19
14,15,664,46,74,434,109
15,13,529,34,49,281,37
11,12,306,47,6,84,36
14,14,504,72,25,249,79
13,15,505,36,41,280,61
11,12,200,26,5,34,23
13,15,839,62,93,929,170
15,15,694,70,42,417,239
11,14,383,41,3,105,64
14,11,174,24,2,21,17
11,14,570,55,43,398,62
13,12,191,10,6,33,17
14,14,582,53,24,375,141
13,15,781,58,77,669,217
13,13,296,40,13,97,51
14,12,287,36,9,105,26
13,12,242,14,12,56,25
15,13,484,10,33,205,33
15,14,544,7,50,205,73
13,11,206,22,6,36,22
12,15,615,40,38,377,128
11,13,488,43,23,198,74
11,12,267,36,6,75,31
14,11,224,24,5,45,17
12,14,510,53,42,329,72
13,14,531,13,41,196,45
11,11,184,30,2,27,11
13,15,502,65,27,246,120
14,14,669,40,76,525,60
11,14,412,57,25,158,81
13,13,437,11,19,147,57
14,14,635,23,32,322,191
12,14,492,77,13,230,111
14,13,375,49,24,167,57
11,15,705,43,82,544,137
14,13,349,37,19,124,65
15,15,899,62,111,720,249
13,14,456,45,28,232,97
11,11,98,9,1,11,9
14,14,580,57,60,358,101
11,11,166,16,5,25,12
14,14,667,57,70,459,147
15,14,657,23,65,399,77
11,13,412,11,31,141,27
15,13,501,32,31,231,90
15,15,576,42,44,393,213
12,11,206,23,12,35,13
12,14,577,69,43,379,104
15,12,310,12,12,75,32
11,13,353,37,11,129,52
15,11,160,2,6,18,8
12,11,140,6,3,15,7
14,15,566,34,66,407,99
12,14,464,36,31,311,131
15,15,807,69,86,710,183
11,14,397,65,6,160,92
15,14,631,38,43,369,135
13,11,186,7,5,24,10
14,14,532,24,19,260,127
15,12,334,0,9,69,30
14,14,590,83,7,279,143
11,14,527,21,36,311,71
15,12,445,31,35,198,76
13,13,468,56,22,224,78
12,12,283,1,17,56,11
12,10,133,5,2,14,4
14,12,339,5,17,87,13
11,13,345,42,10,106,47
14,12,264,24,7,61,31
14,15,621,32,36,415,74
11,14,398,51,24,199,60
12,15,611,26,64,438,76
15,12,248,10,15,52,21
15,13,351,20,20,116,41
12,11,189,4,7,55,15
13,15,646,43,44,419,135
13,15,1028,44,120,1123,202
14,12,380,17,31,171,29
12,15,650,68,36,373,189
15,13,514,7,42,210,31
12,10,152,10,5,21,7
12,14,446,77,13,201,119
11,15,669,26,66,454,88
12,11,167,1,11,20,7
13,14,459,61,49,263,83
11,14,418,14,21,156,90
11,11,170,24,5,33,19
11,13,304,35,23,130,48
13,15,761,81,59,724,155
11,13,279,27,12,79,39
12,11,222,12,8,46,21
14,15,1067,100,87,927,261
15,15,829,35,112,567,140
15,14,533,4,46,226,49
11,15,722,36,37,490,218
12,11,161,21,2,17,10
12,14,483,26,43,207,56
14,14,631,60,52,527,160
15,11,200,1,8,25,8
14,15,705,44,62,534,199
11,12,346,50,10,100,37
13,12,252,16,15,57,19
14,15,786,44,290,484,124
15,12,332,32,13,108,34
11,15,685,72,53,607,218
12,14,533,79,15,299,126
12,14,586,13,44,271,39
11,12,218,3,10,52,10
13,12,279,1,13,57,7
11,13,256,25,9,78,42
14,11,235,19,8,44,14
12,13,402,51,16,191,48
15,11,203,10,6,34,10
15,14,592,39,50,337,111
15,13,513,64,29,247,82
12,14,575,29,41,291,62
14,11,241,17,9,58,13
13,14,467,10,32,160,87
11,14,618,76,32,355,173
13,14,628,3,86,286,75
14,11,232,2,13,33,8
12,13,413,59,24,173,47
14,12,389,8,27,142,31
13,11,161,14,3,23,15
14,13,391,52,14,154,66
11,11,192,7,5,26,22
11,12,177,13,3,25,22
11,12,222,33,8,69,15
11,12,217,24,7,98,35
12,14,752,84,84,720,173
15,12,396,45,13,126,33
12,12,213,6,7,35,19
11,11,138,17,6,27,9
14,10,99,2,2,7,4
11,14,534,2,47,233,58
12,15,501,50,17,226,121
12,15,430,37,19,209,65
13,13,443,25,20,164,71
13,15,959,92,73,929,261
14,13,438,55,30,222,62
15,11,210,13,9,38,14
14,15,604,14,47,269,55
15,11,159,17,4,25,25
12,11,191,22,8,40,21
15,12,443,23,20,147,34
14,15,665,56,74,414,213
11,10,125,25,0,10,10
12,13,457,28,23,207,46
11,13,221,2,7,33,11
11,12,348,45,20,102,28
14,14,614,9,52,261,51
14,13,416,42,20,146,97
13,12,219,36,16,46,30
12,15,481,30,48,235,72
13,12,323,34,8,90,31
12,11,139,20,6,25,12
14,11,192,5,8,27,24
12,15,691,7,55,348,95
15,15,944,94,64,1012,177
14,11,218,14,8,46,16
15,13,576,76,26,292,125
11,14,468,44,20,205,90
13,13,417,59,17,168,83
11,12,258,40,6,54,30
13,12,238,35,11,65,21
14,14,443,28,30,176,41
11,11,154,25,4,20,17
15,14,582,34,53,396,81
14,13,456,47,24,180,130
11,12,224,24,8,59,26
14,13,330,13,11,92,41
14,14,618,27,41,286,98
12,12,216,13,7,41,22
14,12,237,23,11,57,19
14,12,271,32,11,60,44
13,11,223,23,6,44,15
14,12,251,25,6,54,26
14,15,823,68,69,622,269
11,12,219,16,9,41,9
12,12,342,14,15,78,20
15,15,615,28,60,299,101
14,12,212,39,4,24,24
13,15,586,45,21,285,70
15,12,342,31,7,82,48
13,12,366,43,19,113,22
15,14,569,96,14,205,176
13,13,349,25,19,102,26
13,11,166,6,6,18,5
15,12,355,18,10,79,22
12,14,606,19,43,243,22
13,15,833,100,55,542,140
14,11,150,5,4,11,7
11,13,390,27,15,105,22
15,12,301,16,1,41,25
11,12,266,33,5,40,22
15,15,739,45,53,488,137
11,11,189,28,6,31,11
12,12,305,2,17,57,10
15,15,1159,78,113,898,140
12,11,123,13,0,8,16
15,15,781,56,56,511,88
14,11,259,31,5,42,17
15,14,476,52,8,142,73
14,14,442,25,20,139,58
15,11,189,0,4,14,6
13,13,507,25,32,181,23
15,14,588,65,16,159,70
14,12,285,6,6,26,12
12,14,475,29,19,120,30
13,11,172,11,3,15,8
13,15,902,46,64,425,58
14,15,1229,43,85,487,60
11,12,265,35,7,40,9
11,11,139,23,2,9,7
12,15,545,55,30,127,23
14,14,683,35,29,176,42
14,15,783,40,33,279,76
15,11,174,1,1,8,5
14,15,444,10,16,65,24
14,14,615,30,29,136,52
14,11,214,6,4,17,7
15,11,163,0,3,6,3
15,14,626,62,16,160,37
13,15,914,54,35,239,36
13,12,231,22,6,17,4
11,14,550,21,19,76,10
14,13,395,21,6,37,21
14,15,436,26,12,51,24
15,15,867,74,17,187,83
15,11,138,12,3,6,2
13,11,183,6,3,7,2
14,15,907,70,106,922,157
15,14,795,99,53,725,203
14,14,580,48,41,364,127
15,14,839,44,79,679,110
15,12,330,14,19,85,19
12,10,170,2,7,19,4
14,14,585,38,35,312,85
15,15,1052,120,58,984,332
15,13,342,20,25,129,35
13,10,127,6,4,17,6
11,11,147,21,3,20,10
12,15,593,27,36,297,92
12,13,372,38,20,127,50
15,13,361,33,16,135,68
15,15,753,80,40,548,195
11,14,362,32,16,196,67
13,11,212,9,10,34,14
12,14,486,45,19,205,79
11,14,453,12,47,213,38
15,11,167,14,3,30,9
13,12,257,17,12,86,20
12,13,393,5,23,120,61
11,14,561,51,63,466,37
12,14,625,79,41,440,129
13,12,310,7,24,88,26
15,15,629,10,54,314,65
13,14,598,13,45,266,85
13,11,225,27,8,53,19
12,13,349,60,10,115,63
11,9,97,3,2,7,2
14,11,232,20,5,39,14
11,13,482,47,21,214,44
12,15,763,82,64,515,192
11,14,393,28,24,167,43
11,12,226,35,7,57,25
11,10,114,10,4,15,5
13,13,356,57,4,81,50
14,12,412,30,18,125,38
12,11,170,0,5,18,4
15,13,441,7,37,120,38
14,12,228,13,15,48,18
14,15,747,58,67,705,139
12,15,572,51,44,392,151
13,13,490,1,39,148,17
14,13,383,40,17,126,96
15,15,702,55,79,553,202
11,12,214,17,2,36,22
11,13,343,40,14,113,97
13,15,689,19,67,375,117
15,14,759,57,42,450,163
14,15,823,84,61,564,225
13,12,259,20,9,53,21
11,13,315,56,8,72,64
14,15,801,49,73,502,121
12,14,471,52,26,239,80
11,14,475,30,42,197,35
13,15,800,92,68,641,157
13,11,194,16,6,30,11
14,11,119,24,3,11,11
11,13,290,37,7,71,28
15,14,519,12,42,147,36
11,11,142,17,3,17,9
12,14,493,64,15,219,106
12,13,276,43,4,61,65
11,14,648,8,70,307,40
13,15,766,56,88,637,261
15,15,1036,102,121,1208,203
13,13,424,48,28,185,47
15,13,191,10,8,34,24
15,13,472,23,30,161,61
14,14,580,50,10,267,102
15,11,293,8,18,70,15
11,15,829,81,86,750,161
15,15,664,50,57,392,160
15,13,503,40,31,234,113
13,11,166,12,5,36,13
11,10,117,4,3,12,5
14,15,989,65,116,946,289
14,11,200,6,8,35,8
11,14,503,21,36,263,56
12,11,153,19,4,24,15
11,13,296,29,14,98,30
13,14,616,76,35,399,137
15,11,234,19,7,49,16
12,14,510,51,20,228,89
15,13,603,27,59,302,45
11,11,179,29,2,20,15
11,11,108,6,1,9,7
11,11,207,23,3,29,17
11,11,202,12,5,34,22
14,13,446,49,29,144,68
11,12,242,38,10,70,27
14,11,196,20,5,41,12
15,13,425,14,33,137,41
11,14,453,36,25,175,106
12,10,88,12,3,7,4
15,13,501,47,4,156,128
12,13,362,51,10,137,70
13,11,281,16,7,50,20
15,11,254,10,10,55,19
13,13,541,38,22,185,80
11,15,643,13,38,260,95
15,14,762,75,11,336,190
11,12,281,27,11,62,20
15,14,637,7,42,213,58
12,12,252,21,6,38,21
13,14,637,20,39,247,51
12,12,262,15,12,46,11
15,13,379,21,17,99,28
11,14,544,52,33,300,41
14,15,615,9,49,188,57
15,12,205,0,7,17,7
11,12,277,27,8,63,13
15,12,294,13,12,61,19
12,14,462,65,17,189,73
14,12,291,20,10,69,13
14,14,543,56,27,226,69
11,14,662,24,45,296,40
14,14,555,17,16,174,91
12,14,587,58,44,318,74
11,10,100,21,1,7,4
12,14,627,65,30,348,101
15,11,222,38,3,30,30
15,14,517,26,31,174,84
13,10,145,11,1,10,10
13,13,273,30,16,104,26
14,12,414,60,10,141,55
13,14,422,31,28,210,66
15,11,181,28,2,26,18
11,13,335,54,10,119,51
15,13,439,65,9,124,62
13,14,630,53,56,548,91
14,14,672,17,79,421,119
15,14,756,82,60,533,152
13,13,290,51,8,78,61
12,12,300,42,7,92,39
11,13,480,11,49,211,28
11,14,373,33,35,194,47
14,15,693,56,63,565,204
12,12,344,16,21,99,30
13,14,581,61,39,339,137
14,11,225,27,7,51,22
11,12,337,34,20,135,42
15,14,599,36,38,350,74
11,12,352,22,13,110,39
12,11,160,17,6,33,8
11,11,196,12,8,33,10
11,12,269,30,8,68,27
11,14,373,40,18,142,54
15,14,527,64,31,219,133
15,13,514,33,29,236,69
13,11,180,17,6,33,12
15,12,350,37,14,120,49
13,11,183,10,7,35,11
15,13,389,26,23,141,57
11,10,100,7,3,8,4
15,11,201,23,5,39,29
13,14,487,49,24,182,85
13,13,341,20,24,102,50
15,11,176,3,6,23,10
14,12,196,12,9,38,19
11,11,136,21,3,24,13
15,13,489,61,2,114,85
12,11,192,32,4,37,16
12,14,376,18,26,138,47
12,15,619,76,53,525,182
11,11,169,4,5,23,11
15,13,520,42,15,202,94
13,13,398,53,14,152,78
11,11,149,0,6,14,5
12,11,192,21,8,42,25
13,14,575,84,17,244,133
15,11,215,33,6,42,15
14,11,131,6,5,15,6
13,15,697,45,79,565,67
15,11,184,20,5,36,19
11,12,279,24,9,74,38
13,13,339,50,12,124,55
13,13,477,0,32,136,18
15,15,766,12,85,445,107
15,13,589,53,48,296,77
14,15,685,67,54,546,190
14,15,928,19,72,593,170
11,14,405,14,16,127,71
15,11,237,2,10,35,12
15,12,328,21,16,85,39
14,12,294,37,19,65,45
13,13,428,55,12,129,72
12,11,187,27,5,33,17
12,14,601,49,48,397,75
11,11,210,13,6,39,9
11,12,274,24,5,50,23
13,15,978,84,62,665,150
14,12,185,24,6,20,11
12,11,145,19,2,12,6
13,14,625,18,48,292,33
11,13,321,8,12,64,15
13,13,338,26,15,99,26
12,12,282,38,9,62,36
13,13,190,30,10,48,22
15,15,986,19,95,549,62
12,12,357,24,13,89,15
14,14,443,74,24,166,104
15,15,631,47,55,247,133
13,11,195,18,5,28,13
15,13,411,9,30,111,25
12,12,374,52,11,108,47
14,13,405,33,16,140,59
11,13,358,49,7,91,30
13,12,302,29,10,67,24
15,13,395,7,21,102,36
12,14,401,45,27,133,60
12,14,569,56,28,252,63
12,12,202,24,9,29,27
15,12,297,44,7,66,62
13,12,302,0,14,41,16
12,15,446,3,25,113,23
14,12,294,2,12,48,11
15,14,437,19,18,121,49
12,10,105,12,2,9,4
13,11,196,15,6,24,9
14,14,623,25,50,290,47
14,11,190,13,4,24,8
13,13,444,44,18,133,52
15,14,535,28,17,115,52
12,12,225,15,2,21,18
12,12,300,50,6,51,28
11,15,506,63,20,144,59
14,14,524,58,9,110,113
12,12,254,39,4,29,15
14,14,392,43,14,79,49
12,14,513,53,15,96,47
12,12,198,35,3,18,8
11,9,54,2,1,1,0
13,11,91,8,1,2,2
11,15,757,91,14,205,135
15,14,384,17,6,53,16
13,11,182,26,1,8,10
11,11,128,7,2,7,3
13,12,214,17,4,17,9
14,11,194,12,5,17,4
14,11,155,15,1,10,3
13,14,495,15,16,87,18
15,12,254,13,7,25,6
12,12,247,0,4,12,5
11,11,124,11,1,5,2
14,15,871,11,50,268,79
14,13,273,26,4,25,14
15,15,873,36,49,314,96
13,15,891,56,43,369,54
14,13,438,48,43,189,62
14,13,508,1,43,139,38
11,15,646,17,64,392,98
15,14,473,52,41,356,107
13,14,530,39,45,324,91
12,15,540,27,46,307,84
13,10,147,18,5,23,10
14,14,535,18,49,250,46
12,12,307,38,7,66,44
15,11,205,5,9,32,12
13,11,126,16,4,18,12
12,12,327,38,10,86,42
14,15,628,75,60,584,143
12,13,375,33,14,131,51
11,11,178,0,22,19,6
14,14,712,20,84,425,77
11,10,108,2,2,9,3
15,12,320,33,18,136,46
12,13,411,42,24,176,36
11,13,406,4,24,141,26
15,13,494,57,36,287,79
11,13,366,30,17,119,55
13,15,783,47,89,639,134
14,14,621,31,42,341,138
12,11,162,32,1,18,14
14,15,758,57,25,486,181
12,11,197,13,6,39,8
14,14,746,20,58,389,59
11,13,451,33,22,177,61
13,15,692,38,65,461,171
11,15,577,73,38,394,108
12,15,617,73,27,375,140
11,14,589,103,13,334,141
15,14,798,55,79,703,139
14,12,198,4,8,27,15
12,11,224,14,9,57,11
14,14,564,51,26,298,112
13,14,525,42,34,284,107
15,14,637,58,36,428,130
15,15,723,56,55,507,263
13,12,408,41,26,159,39
11,12,257,14,14,64,19
14,14,580,43,41,326,103
15,14,565,53,25,252,83
12,11,155,3,5,30,7
15,11,173,0,5,17,10
11,13,343,24,27,141,32
15,13,499,60,18,193,94
15,15,1101,72,147,1102,211
11,12,262,24,13,77,18
12,11,152,23,3,18,12
14,15,659,76,78,604,83
12,13,457,49,18,201,85
12,13,333,30,13,107,43
11,14,337,0,18,70,20
15,11,192,12,7,28,17
11,15,725,81,62,569,175
13,15,639,10,60,306,60
15,13,553,50,38,320,85
15,13,524,21,22,226,40
14,14,604,79,39,256,132
11,14,442,28,24,170,56
15,14,659,50,50,360,144
14,15,595,61,57,527,131
11,11,145,8,0,14,12
14,12,362,35,15,137,32
11,12,248,22,7,65,26
15,13,517,6,39,194,37
12,11,182,22,5,32,18
12,15,496,46,7,178,216
11,11,218,37,3,31,29
15,14,671,65,42,591,148
14,14,382,49,17,207,59
15,15,634,77,96,681,255
15,13,541,23,37,276,53
14,14,428,2,32,136,35
11,11,264,19,11,66,13
13,13,357,25,22,138,63
11,11,184,21,6,29,25
12,11,187,25,7,47,15
14,11,183,33,4,39,29
12,13,331,42,3,74,55
12,11,218,21,2,33,22
12,11,165,26,5,30,20
14,12,271,21,12,62,29
15,14,711,19,69,432,139
14,14,518,25,39,256,55
15,13,444,42,15,163,70
13,13,298,39,20,119,49
14,15,713,9,56,349,77
11,11,210,2,9,28,7
12,14,455,65,29,281,166
11,12,202,21,13,59,15
11,13,398,24,26,205,44
14,12,268,25,4,64,46
15,12,211,33,6,42,27
13,14,527,69,22,269,136
11,12,321,26,19,125,27
15,14,614,17,41,293,103
11,12,233,34,3,46,46
11,12,302,27,8,94,27
15,15,859,57,117,855,164
15,15,812,41,85,548,120
12,15,902,94,102,927,199
11,14,469,73,17,198,101
12,15,801,67,100,880,151
14,14,539,72,24,241,111
11,11,179,21,6,38,16
14,13,569,5,54,232,31
11,14,419,52,17,166,84
15,14,729,36,62,525,130
12,14,620,68,42,436,158
11,10,116,27,2,10,12
11,9,76,2,2,5,3
12,12,225,5,9,39,14
11,10,99,11,3,13,4
13,13,350,21,27,142,26
12,12,286,13,13,97,18
11,14,522,64,14,256,143
15,13,482,21,46,258,53
13,12,372,52,12,138,33
11,14,539,41,36,276,96
14,11,191,13,5,31,16
15,14,826,45,74,524,167
14,10,133,19,3,15,8
15,15,754,29,86,508,105
14,15,910,53,73,730,263
14,13,520,46,33,212,40
14,12,320,29,7,72,31
13,12,205,15,6,32,14
15,13,542,35,38,286,62
13,11,201,28,9,47,21
14,13,489,55,27,262,73
13,14,408,44,40,223,72
13,11,240,28,5,44,24
12,13,546,23,24,223,53
12,14,533,17,49,254,37
14,12,222,20,3,39,48
15,15,947,28,115,705,130
13,11,204,3,7,31,6
15,11,187,16,5,27,16
12,11,187,18,5,35,8
14,11,200,17,7,35,12
11,13,351,23,17,102,42
11,11,167,12,7,30,8
15,12,335,32,14,116,37
15,13,574,40,23,278,96
13,15,859,72,67,706,141
12,11,165,21,6,35,11
11,12,319,1,16,58,9
12,15,807,39,67,529,141
11,14,518,82,19,289,112
12,11,157,31,2,21,28
13,15,670,68,47,522,206
12,14,378,18,20,139,63
13,10,113,13,4,18,6
11,12,293,36,6,87,36
11,15,774,56,75,675,146
15,13,491,30,43,242,52
14,14,597,56,54,430,131
15,14,478,56,29,252,108
13,14,586,32,33,244,73
12,11,190,1,7,21,8
15,11,201,5,8,27,9
11,14,546,23,49,297,47
11,11,182,11,5,24,8
13,11,263,39,2,46,28
14,14,338,19,23,144,36
12,14,524,55,33,328,127
14,13,434,41,24,193,46
15,12,380,46,16,117,37
11,14,641,23,78,419,67
15,14,467,38,37,200,125
12,11,205,14,10,52,15
14,14,498,58,41,238,126
11,13,392,58,22,181,35
13,12,222,31,10,56,31
14,13,427,31,29,180,48
12,14,700,24,49,401,54
13,11,229,0,11,35,16
13,15,684,38,56,477,100
14,11,213,9,10,31,9
13,11,170,32,4,29,19
13,12,279,34,13,100,40
12,15,680,77,66,541,118
14,11,248,17,8,59,19
12,11,218,23,2,38,18
11,11,148,17,1,15,8
15,14,709,13,66,345,57
12,15,857,72,92,874,342
13,12,242,16,6,49,21
14,11,212,22,3,28,16
14,11,240,37,6,50,36
13,15,788,73,86,807,156
15,14,651,88,29,367,145
13,12,268,4,15,53,32
12,10,116,6,3,15,7
13,14,466,37,34,250,78
15,12,362,12,20,97,23
14,15,936,67,69,768,240
12,14,401,19,19,147,64
14,15,755,62,34,440,121
13,11,214,30,7,52,27
12,14,538,35,35,255,64
12,15,723,53,81,556,99
11,13,338,17,9,82,40
15,11,214,13,7,37,12
12,14,453,42,28,252,71
12,13,489,23,37,209,22
11,12,279,39,7,64,29
12,12,259,30,4,54,26
13,12,288,9,10,61,20
11,13,357,14,17,107,10
11,12,203,10,10,40,7
12,15,759,7,64,466,38
13,13,487,46,30,254,76
13,12,299,19,5,61,21
15,13,486,53,15,175,81
15,14,516,81,17,240,101
12,15,802,104,85,684,194
15,13,614,25,51,284,73
11,13,392,20,25,141,38
11,12,271,21,9,63,22
12,13,417,55,10,195,57
11,14,436,32,28,196,50
12,15,845,34,104,591,100
12,14,583,25,59,304,83
14,15,968,98,88,880,157
13,13,411,43,20,187,40
13,11,168,6,4,21,11
15,14,594,28,43,307,64
15,11,199,1,4,22,12
12,12,294,38,9,79,25
12,14,497,64,27,264,135
13,13,487,5,42,131,27
14,13,387,33,21,154,67
15,11,213,17,9,51,15
13,12,292,8,10,49,32
15,11,161,23,1,11,11
13,11,156,15,4,16,13
13,14,501,54,32,272,52
12,11,185,13,4,24,13
15,11,169,26,7,31,11
15,15,967,36,84,563,167
13,13,376,51,9,109,52
15,14,820,46,42,411,110
13,14,499,73,18,202,103
13,12,219,18,7,29,20
11,11,169,0,5,14,5
12,13,454,72,7,125,58
15,14,581,40,48,314,100
13,12,291,33,10,87,36
11,10,114,3,5,11,4
15,11,169,21,7,33,16
12,13,471,2,38,154,28
13,10,78,7,2,5,5
11,12,285,8,7,88,24
11,13,304,34,10,115,55
11,11,127,11,6,21,7
15,14,591,92,22,373,188
11,13,306,8,19,85,21
15,12,280,22,11,72,29
12,12,244,22,8,56,20
14,14,610,43,47,364,87
15,15,726,54,58,553,158
11,11,189,29,4,42,14
12,14,350,39,22,157,72
13,11,203,0,8,30,8
12,13,340,30,9,99,50
15,14,584,37,48,324,111
13,12,209,17,7,44,24
11,11,224,21,7,51,17
14,11,158,13,8,29,13
11,12,146,15,6,26,17
15,14,624,60,55,409,193
14,15,653,30,52,358,87
14,11,175,3,7,27,12
15,11,222,12,9,44,15
14,11,193,16,8,40,13
13,11,148,23,3,19,12
13,12,195,24,12,54,15
14,15,960,69,115,895,154
12,12,196,27,6,45,19
15,11,202,26,9,48,18
13,12,373,13,22,103,22
15,14,487,34,30,312,82
15,15,892,76,49,637,299
15,11,171,1,5,20,6
11,13,412,54,2,119,80
12,13,334,56,7,105,56
13,12,174,37,3,33,14
11,12,210,31,22,57,34
12,15,641,70,63,528,178
14,11,194,9,7,34,18
14,14,706,70,56,554,127
15,12,229,11,14,46,23
12,11,174,21,4,26,16
14,12,328,31,12,91,38
15,13,520,9,33,181,69
14,11,152,26,4,22,17
12,14,665,22,66,349,77
11,10,137,21,1,10,9
15,13,530,51,25,262,111
14,14,551,58,39,324,67
11,12,238,18,7,51,25
11,11,147,10,3,16,9
14,12,332,35,10,88,32
14,14,455,47,48,271,61
13,12,214,12,9,50,17
15,11,205,26,4,47,23
15,12,278,9,21,57,13
13,11,223,22,6,47,19
14,15,605,72,46,426,185
14,14,533,47,34,293,80
14,12,309,17,17,80,24
12,11,184,34,4,39,15
11,13,339,55,9,131,83
14,12,209,26,4,46,35
13,12,220,11,6,43,13
11,13,490,56,29,296,61
11,12,268,1,16,45,16
13,15,643,80,61,470,152
15,13,560,33,46,302,58
14,13,480,38,33,205,67
15,12,328,20,17,83,22
11,14,574,23,41,265,64
13,12,222,26,9,61,21
11,13,357,20,19,116,21
13,12,307,33,10,97,34
13,12,299,44,12,100,57
15,15,662,89,13,252,222
13,12,265,4,10,43,20
13,15,942,36,95,617,120
15,14,426,5,26,98,23
13,11,243,32,7,58,14
12,13,352,11,27,90,16
12,15,488,36,19,145,91
12,14,630,65,34,443,89
11,13,402,53,3,86,38
11,13,435,9,22,109,18
11,12,250,32,8,57,30
15,12,337,25,11,72,37
14,14,553,11,31,215,35
14,13,381,43,15,123,41
12,11,200,26,4,26,16
12,11,216,20,4,29,10
12,13,365,14,13,83,17
12,13,505,55,18,177,69
15,14,660,46,35,318,79
14,13,358,41,3,64,57
12,12,310,36,13,87,28
11,11,200,2,6,19,5
13,11,268,38,2,42,24
13,13,471,12,30,116,42
14,12,342,32,10,80,26
13,11,200,0,5,20,3
12,13,335,28,13,92,40
13,13,342,16,28,88,37
15,14,517,16,29,179,47
12,15,577,69,48,378,157
13,14,419,48,18,136,68
13,15,828,112,29,527,189
13,11,190,25,4,32,10
11,13,364,5,14,75,16
15,14,582,6,46,191,28
11,13,407,26,23,139,39
14,12,297,24,10,70,26
11,11,206,25,6,37,10
15,11,195,29,7,24,19
11,11,181,3,6,17,8
11,12,251,33,8,61,23
13,11,242,10,7,36,10
12,14,516,40,15,115,71
11,15,448,50,27,133,29
15,14,638,58,23,173,82
14,13,546,54,35,290,112
14,11,160,5,5,20,14
12,11,189,36,6,33,23
14,12,275,2,10,48,13
12,14,472,60,33,287,88
12,13,499,31,31,253,70
14,13,518,59,23,263,72
13,13,414,28,26,151,30
15,15,681,28,52,432,109
11,14,467,66,34,330,65
11,14,575,30,43,303,110
14,14,605,85,25,298,130
15,12,377,51,9,130,66
13,11,180,17,7,33,11
12,12,204,24,9,65,28
14,11,207,11,6,37,14
15,14,548,71,40,352,153
11,14,491,24,31,235,65
11,12,201,28,5,43,24
12,12,227,3,13,42,14
13,11,138,12,6,22,14
11,11,108,17,3,11,15
13,14,704,20,62,521,74
15,14,694,111,49,485,199
15,11,287,23,12,72,23
15,14,475,58,23,238,141
12,13,418,38,17,172,102
15,13,605,46,39,333,76
11,14,366,31,35,222,68
11,11,98,9,3,9,6
13,12,253,38,13,64,37
13,14,408,45,30,316,41
14,15,584,22,54,346,85
14,11,290,20,15,79,17
11,11,132,20,2,14,13
14,14,660,61,48,376,73
15,11,255,10,10,53,11
13,11,179,16,6,31,12
11,12,349,10,19,113,24
11,12,202,7,9,34,11
12,13,483,25,22,183,61
13,13,349,52,15,113,82
11,12,218,9,7,37,11
11,15,604,54,28,375,97
14,15,1205,101,134,1502,266
13,13,566,46,26,265,94
12,14,686,61,3,275,132
11,10,157,21,4,27,5
12,11,185,28,11,32,15
14,15,850,122,55,748,182
15,13,434,2,29,114,22
14,13,407,3,17,87,30
11,12,192,29,2,28,15
12,15,707,47,74,407,60
14,13,271,11,9,51,20
11,12,203,3,5,21,12
11,12,263,12,11,47,14
13,13,503,59,21,176,59
14,14,555,19,40,166,57
13,14,471,40,22,130,52
15,13,369,55,6,78,58
11,13,295,15,12,63,16
14,15,547,67,12,172,146
13,11,152,2,3,14,6
12,13,424,39,25,137,39
13,13,383,38,19,136,24
14,15,956,39,87,591,143
14,11,134,13,1,8,13
15,15,671,2,43,206,56
15,11,298,48,3,48,22
12,14,539,29,34,223,42
14,12,344,36,14,87,20
14,15,867,72,66,531,172
12,13,331,15,23,84,27
14,11,227,18,7,44,18
11,14,556,22,30,191,62
12,11,214,35,18,22,22
14,14,658,24,52,345,74
12,14,535,89,13,186,110
14,13,452,42,23,145,63
13,14,465,35,38,246,66
11,13,266,38,17,55,25
15,15,419,18,22,143,39
13,15,913,48,73,436,101
14,13,491,58,5,88,62
11,12,340,7,16,77,21
14,14,724,79,17,357,153
11,12,226,31,2,31,21
15,12,223,35,10,47,28
11,14,376,8,30,76,20
14,11,149,35,1,13,12
11,14,334,0,12,57,31
14,15,851,68,54,473,132
14,11,168,12,3,17,10
14,11,194,23,7,33,11
15,11,201,12,4,23,8
15,12,313,35,13,86,38
13,15,723,48,51,404,86
12,14,534,13,27,129,54
15,15,1044,26,111,659,111
14,11,158,24,2,23,18
12,15,600,41,42,324,127
13,15,734,49,32,443,150
15,12,361,40,13,98,28
13,15,656,61,49,434,99
14,14,525,58,24,204,86
15,14,815,39,88,470,63
15,14,469,52,17,184,73
15,12,306,14,8,50,13
12,11,125,5,3,13,6
15,12,350,18,22,92,21
11,12,299,17,9,66,27
15,14,636,87,25,315,74
15,11,204,15,3,28,12
12,11,227,4,7,45,10
14,12,304,24,12,85,14
15,13,458,38,20,182,57
12,11,217,23,4,28,24
12,15,755,75,32,461,95
15,15,654,73,26,281,148
12,11,222,39,2,26,17
11,13,307,29,13,95,24
13,13,342,2,16,61,21
12,11,166,22,6,28,7
14,13,463,25,26,156,37
