15,12,261,28,13,61,46
15,12,286,44,12,76,30
13,14,487,0,26,166,41
14,14,682,67,20,401,185
13,15,719,70,72,646,165
14,13,361,27,19,147,45
13,11,270,38,7,81,26
11,14,591,28,22,281,160
11,12,239,25,3,50,40
13,13,492,58,16,224,65
13,15,782,71,44,753,234
13,11,223,18,15,35,16
13,15,814,101,29,605,178
13,11,185,20,7,51,15
11,14,288,0,16,57,23
14,15,679,57,48,470,191
12,13,369,24,26,198,19
14,12,278,18,8,57,28
13,15,679,47,73,518,143
11,14,284,20,8,75,35
15,12,240,31,6,54,39
12,14,581,62,44,341,96
15,12,351,0,26,85,10
13,12,300,28,1,52,19
12,12,243,9,10,53,19
15,12,257,28,4,42,46
13,13,240,18,2,34,33
13,11,260,40,1,44,29
12,12,270,29,4,57,27
14,15,716,52,70,553,100
15,15,1027,140,60,972,164
15,14,559,63,41,332,93
12,12,230,11,9,77,14
13,13,470,50,15,207,87
15,11,178,13,5,30,12
12,14,469,34,44,274,57
12,15,739,62,75,705,144
14,15,531,49,44,358,101
13,12,212,13,10,41,14
11,12,255,24,11,62,23
12,14,690,17,67,337,75
12,13,412,6,33,142,32
15,13,573,48,47,347,64
13,12,309,52,10,86,28
15,15,893,22,120,578,226
14,14,686,56,31,401,120
14,12,296,0,19,59,10
12,11,208,4,10,40,6
11,13,194,27,2,36,37
13,14,469,24,30,189,80
15,14,594,4,52,273,53
12,14,442,27,34,211,57
11,13,351,63,11,109,53
12,11,131,4,4,14,5
15,11,250,11,5,56,14
13,15,758,8,65,332,82
12,14,529,24,48,256,38
13,14,457,42,36,208,42
12,12,321,35,3,66,19
12,11,174,28,0,18,13
15,13,437,1,26,105,34
12,12,374,29,26,131,27
14,15,1061,19,165,876,129
12,12,225,14,29,57,14
13,13,379,14,20,139,36
13,15,683,46,45,458,171
11,11,164,23,4,29,15
14,11,230,29,4,35,18
14,13,418,16,35,156,35
14,13,442,6,18,143,67
11,13,343,51,16,124,52
13,11,209,18,7,44,15
14,14,567,36,49,255,97
12,15,732,31,95,535,91
14,15,665,81,21,368,211
15,11,218,0,7,33,14
13,12,176,5,4,21,15
15,13,452,15,30,152,60
15,11,235,36,6,39,21
15,15,805,74,102,792,139
15,14,669,34,31,325,91
12,14,431,33,35,200,57
11,11,236,16,13,54,13
11,14,518,39,37,279,64
12,13,441,60,29,260,48
13,12,286,29,15,70,27
11,14,379,20,27,182,59
13,15,786,94,47,688,171
13,13,528,63,32,314,75
12,14,477,60,38,308,69
11,11,193,35,5,36,26
12,12,264,18,15,88,10
13,12,298,5,15,64,22
13,11,209,32,5,33,45
12,11,139,20,11,32,19
12,13,381,7,23,109,30
13,13,387,22,25,203,50
13,13,472,57,16,187,86
14,11,278,26,12,65,19
13,12,283,31,19,76,51
15,15,715,27,108,537,123
12,11,197,21,4,34,12
11,13,453,63,14,245,93
13,15,844,57,83,735,194
12,13,373,7,24,105,25
14,11,190,28,3,19,20
14,15,585,10,66,327,86
15,13,381,5,25,84,31
14,12,269,3,18,64,10
14,14,529,39,36,346,96
12,13,393,46,9,118,53
11,14,268,35,20,145,64
15,12,255,10,10,60,15
14,14,629,7,55,298,58
15,13,452,19,19,171,56
14,12,258,34,5,61,43
12,13,319,24,7,81,42
13,11,179,4,5,26,8
13,12,281,15,15,72,22
15,12,294,45,7,62,27
15,12,263,45,11,81,36
12,14,443,48,16,214,106
13,15,665,29,92,467,83
12,14,475,18,47,194,34
12,12,196,4,11,29,8
15,12,282,22,16,72,16
15,15,704,47,60,473,174
11,12,258,21,3,46,53
15,13,520,32,32,254,70
14,12,340,8,22,86,29
12,14,384,11,26,116,37
11,14,502,50,43,350,86
11,12,309,36,15,137,22
12,11,158,22,5,26,17
12,11,199,18,1,23,12
13,15,1057,73,166,1188,198
11,12,185,15,0,27,51
14,12,341,0,26,78,14
12,11,188,12,15,37,10
12,10,132,10,5,23,4
15,12,222,18,10,50,36
14,12,265,24,7,62,21
13,15,651,73,27,392,157
12,12,134,21,4,32,16
12,12,286,34,5,74,43
15,13,414,60,23,250,72
15,14,592,35,64,380,75
14,15,838,71,85,682,175
13,13,467,9,36,161,24
12,11,264,26,6,54,15
14,11,228,40,6,48,27
14,13,412,24,33,150,36
12,12,196,18,6,40,21
12,15,761,52,82,589,107
15,12,339,49,8,74,44
15,13,281,22,10,82,33
13,14,387,4,31,110,33
13,15,615,56,53,524,106
14,11,326,17,21,89,15
12,13,431,38,15,153,59
14,15,845,24,85,501,140
11,12,231,12,10,47,14
12,15,800,6,100,417,65
13,13,494,63,21,208,64
14,14,525,50,35,262,60
12,11,228,16,7,40,12
12,12,293,39,12,100,27
12,11,217,29,1,23,12
12,12,153,18,4,23,12
11,13,428,24,22,171,27
11,12,249,5,10,36,14
11,12,276,3,14,42,10
13,14,561,54,42,266,102
15,13,500,17,36,189,34
11,11,156,19,4,22,9
15,11,265,18,11,62,12
13,12,304,27,10,66,22
15,14,474,6,31,157,47
11,12,221,12,8,41,14
14,14,572,32,44,307,66
15,14,714,4,78,302,34
14,12,378,29,15,108,33
11,15,711,51,69,486,109
15,15,883,80,62,782,236
12,12,229,13,9,54,23
14,15,777,79,97,761,147
14,11,182,16,9,41,15
15,14,715,1,73,282,38
12,12,338,39,18,128,38
15,13,615,28,36,278,59
15,14,688,44,54,397,104
13,14,586,48,31,313,100
11,11,244,13,8,49,12
13,15,690,74,48,553,72
14,15,991,42,123,936,243
13,14,487,49,19,153,88
15,13,475,53,29,198,65
12,12,323,36,9,97,29
14,13,315,42,11,92,36
15,14,622,23,66,374,79
14,13,396,23,27,150,45
11,11,173,7,6,24,10
14,12,325,8,19,80,24
11,12,222,17,8,54,25
14,15,879,1,119,560,129
14,14,596,59,54,385,60
13,14,484,32,45,253,47
11,15,777,98,57,632,126
15,13,385,9,25,95,34
13,14,609,80,35,363,152
13,11,157,23,7,37,11
14,13,445,31,30,183,61
11,14,448,33,23,181,56
11,11,153,19,6,20,12
14,15,673,57,38,346,167
14,12,353,1,22,76,12
12,13,391,52,21,146,57
12,14,580,73,5,197,144
14,14,639,91,41,449,77
11,13,249,5,13,49,13
12,12,284,28,13,83,32
11,12,274,23,15,76,21
15,13,417,58,20,171,52
11,13,338,14,24,97,30
15,14,443,14,28,161,37
12,13,469,50,23,192,67
12,12,284,22,13,76,20
11,11,192,5,8,39,8
13,13,328,27,20,95,70
13,12,289,0,12,49,12
13,13,275,25,15,68,42
15,14,510,44,53,278,93
15,11,140,10,6,23,5
15,12,498,13,44,206,23
15,12,204,12,12,89,25
14,11,132,18,3,16,12
14,11,233,23,9,43,23
15,15,724,79,78,586,217
15,12,269,21,16,85,27
11,14,558,55,44,362,105
13,13,404,51,19,220,62
15,11,213,27,3,27,23
13,13,358,23,8,105,40
15,14,514,45,26,230,135
14,13,416,4,27,109,43
14,12,213,9,10,42,20
14,14,618,41,60,398,83
15,12,264,4,13,49,17
15,12,201,2,8,35,7
12,12,185,3,7,26,9
13,14,518,14,52,209,66
11,11,133,14,2,14,8
11,10,86,13,5,12,6
15,15,818,85,69,702,253
15,12,373,8,15,77,22
13,12,255,13,31,66,34
12,11,203,21,1,26,15
13,11,205,19,8,42,19
13,12,255,4,12,57,7
11,14,526,9,46,251,37
14,11,312,21,14,110,32
14,12,321,21,19,104,49
12,10,99,4,7,10,3
11,14,296,16,24,91,45
12,14,566,26,64,337,46
13,12,291,41,7,81,36
11,15,525,77,32,317,132
12,11,187,17,6,33,13
13,11,219,40,4,39,24
13,12,357,22,15,126,38
15,15,1034,75,127,1147,202
12,14,591,46,65,493,92
13,15,759,35,87,447,74
12,13,347,54,6,111,45
15,14,640,62,56,528,113
14,13,400,53,15,132,60
14,11,128,0,3,10,10
11,11,132,1,3,13,6
14,13,401,46,2,90,43
12,13,491,39,24,240,57
14,15,413,60,42,259,105
13,15,797,11,94,504,92
15,15,758,43,76,565,135
13,15,855,44,78,640,175
15,12,237,29,11,54,28
15,14,696,33,57,407,84
15,12,320,39,14,90,21
15,12,330,0,21,52,13
13,14,462,36,35,230,61
14,14,660,66,53,434,80
11,11,144,17,3,16,13
15,15,749,59,63,569,153
12,11,128,19,6,17,8
11,12,183,14,8,34,11
12,11,237,6,9,40,11
12,14,351,33,23,179,32
11,12,228,37,7,47,30
13,15,643,26,66,390,90
11,13,320,17,10,69,28
13,11,176,25,5,29,13
11,13,440,17,36,155,26
13,12,327,15,18,92,16
13,13,538,71,20,243,53
15,15,657,51,52,489,142
12,11,143,4,5,15,12
12,11,147,15,4,33,9
15,15,835,61,101,795,137
11,11,164,6,6,29,10
13,11,213,15,10,52,15
15,11,207,1,12,34,15
12,11,115,18,10,15,13
11,11,186,13,8,35,23
13,13,462,4,23,120,32
12,13,399,7,27,115,20
13,11,193,33,2,18,24
15,14,621,43,11,244,104
14,11,209,34,6,35,14
12,12,342,43,16,112,46
15,13,466,23,36,194,34
12,14,358,34,34,147,37
12,11,168,19,2,18,12
12,13,365,43,13,102,56
12,11,151,8,5,21,8
15,11,233,16,13,41,16
11,11,147,8,4,18,8
14,13,511,8,36,185,37
13,11,227,13,14,54,10
13,12,283,24,14,63,30
12,10,115,8,3,12,3
15,13,332,18,19,77,53
11,12,283,5,10,60,26
15,12,350,30,17,126,40
14,15,864,50,64,524,152
12,13,425,25,27,163,40
13,15,749,45,63,559,208
12,11,145,22,3,18,12
13,15,621,53,20,304,105
12,11,206,10,10,40,11
15,12,352,5,24,85,16
14,11,210,14,1,20,14
11,12,213,6,10,36,12
14,14,648,29,51,335,65
15,13,533,18,45,261,50
11,15,475,57,15,210,63
13,11,221,9,5,39,11
14,12,383,19,20,112,26
13,13,349,10,27,114,34
11,14,539,41,47,401,98
14,11,287,21,10,88,13
11,11,243,13,14,58,17
12,14,478,44,25,240,91
13,11,188,36,2,24,12
14,11,267,39,2,51,41
14,13,433,13,29,158,36
15,13,452,13,28,155,36
12,13,428,27,22,165,36
13,13,273,18,17,70,25
14,13,404,6,20,121,30
12,15,692,47,75,548,85
15,14,551,14,33,217,65
12,14,447,53,29,265,104
11,11,124,14,7,24,8
12,14,437,21,40,238,40
12,14,591,90,11,245,132
15,14,659,18,61,360,109
12,14,401,5,37,135,35
14,15,961,16,146,695,96
12,14,559,50,51,307,58
13,14,736,21,87,381,65
13,15,641,95,17,367,143
12,12,198,30,2,24,20
11,11,215,9,10,46,8
11,9,65,8,1,3,3
13,13,516,78,9,235,73
15,15,999,55,121,838,164
12,11,139,14,4,19,10
14,11,324,28,16,103,20
14,11,222,31,3,39,24
11,12,293,18,23,107,36
12,14,517,54,36,301,120
13,11,217,23,9,56,19
12,14,456,33,55,257,67
15,11,198,2,7,34,8
14,15,896,41,100,726,161
15,12,184,2,12,17,11
15,14,610,68,41,296,133
15,12,191,16,11,29,10
11,13,273,19,12,67,22
13,14,709,88,31,400,96
12,14,449,5,33,159,37
15,15,631,15,36,260,101
15,12,187,15,5,29,15
15,12,341,5,16,78,20
13,13,462,70,23,213,43
13,11,183,41,1,26,22
14,14,543,74,23,262,168
11,11,186,29,9,53,20
12,10,148,10,11,23,9
14,11,197,15,7,33,16
15,13,588,30,46,332,75
12,15,814,16,86,422,108
12,12,239,19,7,43,29
13,13,342,24,14,85,51
11,15,669,46,56,446,86
13,14,503,39,40,309,87
13,11,155,21,2,23,14
15,14,723,31,72,456,85
12,15,829,70,84,699,144
14,11,178,6,4,22,13
15,12,335,16,18,83,17
12,14,618,55,31,294,91
13,13,388,45,26,208,47
11,12,266,23,8,59,23
11,14,484,56,28,230,80
12,14,555,19,37,221,85
13,14,720,65,20,409,118
15,13,511,31,23,216,77
13,12,424,20,39,149,27
15,14,528,55,48,339,96
12,12,297,37,17,135,26
12,14,557,36,41,319,65
11,14,568,47,44,400,117
13,11,162,15,4,24,11
13,12,235,0,12,39,14
12,11,187,2,5,24,9
11,13,280,5,15,74,11
13,11,192,16,8,36,11
13,11,168,16,5,31,13
14,11,238,30,1,37,24
13,15,679,13,77,337,61
15,13,480,74,13,209,98
13,12,288,8,15,62,12
14,12,239,11,10,47,16
13,14,676,52,33,300,93
13,12,389,71,12,110,30
14,13,424,26,17,103,21
11,11,235,18,5,30,11
13,14,520,54,28,266,52
12,13,319,21,22,110,25
11,15,565,20,35,265,54
15,12,327,52,7,83,48
11,15,583,15,58,296,52
15,13,512,53,26,230,89
13,11,248,21,13,54,18
15,13,428,53,27,189,68
13,15,751,30,91,621,119
15,13,460,33,59,191,62
13,12,376,38,22,156,42
14,11,208,16,1,29,20
14,14,532,43,42,357,65
15,13,462,9,36,126,24
14,15,963,69,121,977,201
14,14,555,65,48,415,99
13,12,241,32,12,52,30
15,14,740,37,41,417,115
14,13,379,19,19,99,41
12,12,160,18,6,26,10
14,13,563,62,13,252,65
14,12,251,11,10,48,19
15,13,360,8,19,89,29
13,15,937,46,129,819,128
12,15,467,21,78,231,62
14,13,413,45,15,157,57
12,14,502,53,25,251,94
15,11,197,22,1,22,17
14,11,265,30,6,54,19
15,14,518,32,35,274,74
15,15,822,1,67,242,54
13,11,188,19,7,40,13
11,12,231,17,13,64,12
12,15,537,19,51,262,50
14,15,777,39,75,608,117
13,12,260,3,11,50,12
14,12,274,17,13,74,21
13,13,378,14,25,112,42
14,11,192,6,7,28,7
15,11,219,20,5,37,22
11,13,466,12,29,170,35
11,11,155,22,4,25,11
14,10,91,5,1,7,3
11,11,186,30,1,23,8
14,11,179,2,7,26,6
11,15,783,75,72,594,178
14,10,117,10,3,11,7
15,13,385,42,26,168,57
11,12,331,13,17,105,17
14,11,168,5,7,24,10
15,13,522,23,42,221,52
14,15,692,63,46,421,136
15,14,799,60,82,664,97
15,11,291,21,13,67,14
12,11,196,18,4,34,12
15,12,220,0,4,29,13
11,13,461,33,26,231,49
13,14,579,47,48,316,85
15,12,336,27,10,91,29
15,12,314,14,23,98,24
14,11,287,18,4,48,18
11,13,287,20,12,83,26
12,13,406,4,26,103,17
15,13,612,46,29,296,60
12,13,336,44,13,124,43
11,13,328,9,19,87,26
15,14,660,41,55,454,93
15,14,717,31,60,476,76
11,12,155,22,7,50,17
15,15,811,32,116,708,129
13,14,505,24,49,236,40
14,14,580,69,33,330,84
15,15,808,10,74,470,117
15,13,439,29,28,209,43
11,13,205,22,3,43,39
12,12,301,37,7,88,24
11,13,320,1,17,80,22
13,11,124,15,5,27,7
11,14,416,42,37,208,54
13,13,286,37,12,149,26
11,12,198,4,6,28,25
14,11,245,4,10,39,15
15,12,333,25,16,95,30
12,11,84,19,2,13,10
14,12,297,11,17,74,19
15,14,597,32,49,325,102
12,13,337,41,24,146,70
15,14,569,34,40,311,52
13,13,464,40,31,181,49
15,13,493,42,31,219,59
15,15,611,97,40,374,193
12,10,115,9,4,13,3
12,11,123,13,4,16,5
15,15,987,47,105,796,133
14,14,543,70,34,391,92
11,13,254,7,15,60,16
12,14,632,51,34,434,102
11,10,111,25,4,22,7
12,12,314,5,20,80,18
13,13,603,62,40,378,62
12,13,421,41,24,184,68
11,12,288,34,18,105,41
11,11,211,33,14,53,18
11,10,103,12,0,7,5
11,12,177,13,9,37,13
13,14,597,8,61,254,61
12,11,172,21,4,27,8
12,11,190,15,5,36,12
11,14,597,47,43,443,144
12,14,560,6,47,231,50
13,13,284,29,7,80,42
11,11,207,29,7,37,14
13,10,142,4,5,14,3
12,13,313,36,11,77,40
13,14,567,34,37,264,57
11,13,241,8,6,31,16
13,14,528,64,29,241,100
13,11,180,10,10,29,12
14,12,306,28,17,93,21
13,12,295,19,16,89,14
13,11,225,3,10,39,6
13,11,247,10,7,41,17
11,12,243,29,14,64,18
13,11,192,26,1,21,14
15,11,269,18,11,56,14
13,13,428,34,26,187,50
11,13,293,40,5,68,35
15,13,417,48,10,161,71
11,14,524,69,38,334,84
11,11,237,6,7,52,13
13,14,537,68,25,308,125
15,14,861,82,67,744,157
13,12,244,13,9,57,18
15,15,541,14,28,248,113
13,15,884,46,168,862,101
14,14,487,41,12,170,79
13,11,198,29,4,35,17
12,14,387,14,17,170,42
12,14,531,36,61,369,69
11,14,563,45,55,406,86
14,11,212,26,4,39,17
15,13,480,61,8,159,56
15,15,769,57,52,596,220
15,13,587,0,46,255,28
13,13,466,43,33,191,74
12,14,590,76,44,409,105
14,14,522,89,27,247,161
14,13,445,46,24,194,73
15,12,292,15,18,84,14
15,13,261,40,11,70,39
12,14,606,65,10,263,114
12,12,269,45,16,88,25
12,11,230,4,11,42,11
12,14,388,57,17,177,66
13,12,270,24,13,64,28
13,15,779,20,97,525,50
12,12,298,19,22,97,14
12,12,210,7,8,47,12
11,10,130,12,2,11,6
11,11,130,10,6,19,5
12,13,528,44,29,276,56
13,15,503,65,51,334,131
11,10,72,9,4,8,4
14,13,315,32,18,104,24
12,15,777,5,87,437,57
14,12,311,22,15,102,24
15,15,526,25,59,281,70
15,14,755,94,63,657,171
13,15,698,56,50,550,102
11,13,458,9,47,216,26
12,12,267,19,14,72,19
15,11,184,0,8,23,3
15,11,243,30,9,68,18
11,10,131,18,4,21,8
15,15,725,32,64,458,148
14,15,795,37,78,672,113
15,12,225,16,7,42,15
12,12,267,35,17,116,32
11,11,164,21,3,33,13
11,12,257,3,12,56,12
15,14,544,12,39,261,67
12,13,392,55,6,114,39
15,14,555,59,34,287,106
13,13,440,17,23,137,37
12,12,314,15,10,75,26
11,12,228,24,10,51,20
15,14,677,22,61,322,63
12,13,322,30,10,90,39
15,15,833,94,80,717,252
11,12,361,58,19,179,28
14,13,265,26,9,57,50
12,12,163,17,6,21,16
15,13,451,36,34,235,56
14,14,520,57,22,265,108
15,11,311,23,15,95,23
13,13,406,53,2,96,40
12,15,684,17,64,428,115
15,15,1042,129,87,1013,315
14,13,503,37,40,232,53
13,11,236,20,7,64,19
12,11,142,27,2,14,15
12,14,588,62,36,345,91
11,14,468,47,27,240,88
15,14,562,14,45,202,82
14,11,163,5,6,24,8
13,14,436,34,39,224,43
13,13,549,17,57,260,39
13,14,553,53,54,492,54
13,15,789,20,104,610,115
15,15,885,60,88,779,189
11,12,188,7,8,34,11
11,11,221,5,8,38,9
15,15,789,23,116,720,69
13,12,394,11,26,121,28
11,14,457,4,45,218,29
12,15,824,3,108,400,73
11,15,515,68,30,331,174
13,11,240,18,12,58,12
14,15,863,72,67,860,106
11,11,145,17,1,29,19
11,13,349,35,32,159,49
12,12,292,16,21,92,20
15,14,603,24,43,310,93
12,15,649,68,26,452,185
14,13,405,19,27,160,45
15,15,840,103,67,653,261
14,14,604,32,42,297,82
12,13,380,29,34,187,37
13,14,642,61,57,527,107
13,14,649,30,60,442,72
13,13,256,8,16,85,15
11,15,589,69,67,555,165
13,14,576,6,76,257,43
14,14,523,4,49,258,29
14,12,310,26,17,92,59
14,15,831,62,98,722,207
14,12,207,21,6,38,18
13,11,136,16,4,20,8
12,12,289,25,21,80,24
15,11,187,1,8,26,5
12,11,180,23,7,37,12
11,15,794,66,87,787,89
14,14,507,7,42,189,60
11,11,189,23,1,25,15
12,12,273,26,4,46,36
11,14,341,49,19,99,74
12,11,186,15,7,34,12
13,14,645,26,67,374,51
12,15,724,26,70,427,68
11,12,314,9,14,73,21
11,14,435,45,81,250,86
12,12,316,17,15,92,17
11,11,133,18,4,18,16
13,14,301,36,10,110,58
15,15,810,20,73,539,168
13,11,194,8,5,28,15
15,14,613,23,50,288,75
12,12,209,7,15,51,12
13,14,657,29,37,390,143
12,11,187,2,8,24,7
15,12,331,19,19,94,25
12,14,569,51,43,392,98
13,13,399,9,19,103,34
15,12,299,27,14,77,28
13,14,530,55,25,221,97
14,14,624,25,78,332,87
15,12,301,1,22,62,25
15,12,365,26,33,139,29
15,11,172,19,5,27,12
14,12,393,29,20,118,43
14,14,583,29,51,330,66
13,13,429,49,7,157,79
12,12,238,22,25,60,24
12,15,843,96,53,631,172
11,13,406,52,2,98,32
12,12,207,17,3,37,15
12,10,143,16,5,18,8
14,11,139,12,4,17,9
12,11,223,28,10,50,18
15,13,388,7,27,105,38
14,13,378,38,28,153,73
13,13,450,68,23,227,60
12,12,163,8,7,26,8
14,15,805,81,55,590,180
14,11,169,30,7,36,22
15,11,173,6,2,25,13
13,11,175,21,7,44,14
14,11,149,0,4,16,4
11,11,131,6,9,17,7
11,12,164,19,7,40,16
15,12,233,3,13,47,13
12,13,344,2,20,84,19
15,12,303,6,18,72,17
14,15,980,6,117,607,114
13,13,476,77,14,196,89
11,13,419,8,22,116,14
15,13,459,3,28,105,22
12,11,200,27,6,35,18
13,13,463,24,23,153,33
12,11,157,2,5,15,5
14,12,221,6,9,35,14
14,11,241,38,8,42,23
15,15,799,77,63,593,106
14,13,347,14,13,77,31
14,15,797,34,83,541,105
12,15,730,65,61,528,152
11,14,418,2,32,111,24
15,12,413,16,20,130,36
15,11,227,29,8,46,14
11,15,727,73,52,608,120
13,12,248,29,5,50,32
15,13,369,51,17,108,62
13,13,355,18,20,119,20
12,11,153,3,2,27,20
11,12,311,24,16,89,24
11,11,147,7,4,17,8
13,15,940,93,96,1066,253
15,12,354,29,14,124,33
12,12,295,20,11,100,17
13,15,944,60,80,701,182
14,12,323,7,24,101,17
14,11,149,0,6,15,7
15,13,503,33,34,226,85
13,13,485,8,46,226,31
11,11,170,11,6,35,10
13,14,453,35,13,232,92
12,14,417,10,29,146,44
11,13,297,43,8,106,33
11,13,424,71,37,269,68
13,11,270,10,13,64,16
14,11,229,29,9,50,17
13,11,215,1,14,39,9
13,15,682,38,56,544,128
15,13,426,16,37,143,27
12,15,905,28,106,781,76
14,14,804,59,100,847,97
14,15,734,117,70,680,181
14,13,338,22,14,98,46
13,14,694,82,30,450,168
13,14,584,27,52,316,56
12,12,169,16,3,25,18
12,14,528,51,34,275,61
11,11,292,37,8,84,20
12,14,490,69,20,196,129
15,13,425,4,29,125,24
11,10,126,4,3,13,4
15,11,205,14,6,34,16
13,14,808,34,65,555,105
15,12,276,11,12,67,17
13,14,589,49,45,415,49
13,12,239,26,9,51,25
14,12,370,34,14,123,39
14,11,223,13,7,44,19
11,14,481,47,31,277,84
14,13,354,2,32,82,22
14,15,722,53,42,452,193
13,15,731,23,68,465,116
14,14,522,7,33,147,43
13,14,559,39,44,288,67
15,12,385,52,2,72,31
13,11,170,5,4,25,10
15,13,476,18,33,170,31
12,14,583,32,34,290,56
11,13,369,37,17,147,30
14,15,1050,80,44,824,220
15,13,466,22,28,175,42
15,11,180,23,6,28,14
12,15,721,15,63,360,88
15,14,608,82,25,315,143
11,11,168,19,5,36,10
15,15,648,22,60,387,85
14,11,173,22,8,31,18
12,12,241,6,16,52,12
15,13,362,20,13,118,39
15,13,352,40,9,130,83
11,12,260,30,9,77,25
15,13,367,15,38,162,30
14,14,618,36,72,407,118
15,13,302,36,17,139,44
12,11,224,7,7,51,14
11,11,117,14,2,14,7
11,12,257,10,14,87,16
13,14,505,34,37,396,109
13,12,330,37,19,173,24
11,14,472,54,26,289,51
12,13,285,27,20,130,32
11,11,161,22,6,31,15
15,12,374,33,17,126,27
15,11,161,10,6,25,14
11,14,392,51,27,210,62
13,11,148,3,5,17,7
11,12,224,18,23,64,19
11,11,199,3,8,33,9
15,15,701,90,64,534,212
14,13,437,53,26,172,57
14,11,187,19,12,42,14
13,15,780,46,60,475,83
14,15,624,65,35,462,150
15,15,926,28,149,831,93
15,15,687,64,50,585,220
11,15,786,58,54,809,195
15,12,229,39,7,53,39
15,14,866,99,38,433,120
13,13,384,47,14,118,45
15,14,414,41,16,104,35
12,14,594,18,27,142,33
12,14,419,34,30,201,76
12,12,463,11,25,185,21
11,14,466,51,27,248,77
15,12,294,3,9,62,21
12,13,450,38,31,185,47
15,13,455,10,50,175,25
12,14,604,71,90,456,102
13,11,190,0,6,29,8
11,14,428,26,18,196,58
13,12,240,11,11,62,23
13,11,161,14,3,30,12
15,13,502,8,42,163,56
11,13,362,30,21,155,40
15,15,1025,102,89,935,246
14,11,269,27,9,61,16
11,13,271,34,20,137,31
15,13,372,54,20,163,77
15,11,171,15,6,27,15
12,14,498,35,53,279,58
11,12,207,27,4,43,27
14,11,179,25,1,23,19
15,11,271,2,11,70,8
15,14,699,37,59,404,128
12,14,726,67,50,526,110
14,13,377,17,20,145,54
14,11,151,15,6,34,8
13,11,157,8,4,21,5
11,13,442,54,24,268,68
11,12,143,19,4,27,17
14,12,256,44,6,45,30
12,14,540,65,16,231,116
12,12,176,30,5,36,16
14,12,199,0,9,26,9
13,12,232,6,6,38,27
12,12,184,4,10,33,10
15,15,923,61,110,907,241
13,12,370,3,26,93,19
15,12,339,23,4,78,35
13,13,319,3,17,76,19
11,12,231,21,9,57,22
15,12,236,4,10,34,14
12,13,485,57,5,140,63
15,12,254,6,12,38,13
15,13,490,0,29,114,28
14,11,289,0,15,39,7
12,14,435,34,19,185,30
12,12,260,33,10,62,19
15,12,388,12,19,97,22
13,15,502,100,24,269,194
14,11,204,0,9,25,6
12,15,601,20,43,286,58
13,14,406,41,31,212,42
13,14,788,70,69,641,74
14,14,443,16,35,160,44
15,11,188,26,4,26,14
13,13,295,36,15,111,39
12,12,329,23,18,110,27
14,12,292,26,8,74,25
11,10,84,9,0,3,4
12,12,207,13,12,49,13
13,12,265,5,13,45,14
12,13,358,8,23,109,25
12,11,228,7,8,37,11
12,11,165,0,5,15,6
14,13,442,88,9,151,61
12,14,511,33,45,237,62
13,12,256,39,8,54,29
12,13,425,8,43,138,28
13,13,469,70,26,292,66
15,13,362,28,17,122,45
14,14,574,80,44,363,130
15,11,223,13,11,49,10
12,11,170,10,6,24,6
15,15,844,51,69,503,134
11,11,211,3,10,33,7
11,12,251,34,11,40,33
14,13,375,34,24,176,41
15,11,189,23,1,25,16
14,13,346,24,19,101,36
14,12,287,26,14,91,21
12,15,784,34,72,475,105
13,14,487,36,38,253,78
14,13,336,48,23,139,42
15,11,209,14,8,45,10
14,12,350,46,1,65,42
14,13,481,14,28,153,38
12,12,350,21,16,102,18
11,14,608,30,51,285,56
12,13,460,48,3,119,68
11,11,238,38,5,47,18
14,12,361,16,18,93,29
12,15,986,40,159,977,128
11,12,273,28,15,91,25
13,11,187,18,4,32,17
14,15,757,89,79,817,167
15,11,132,9,3,13,10
14,15,946,81,65,772,230
15,12,201,9,15,37,11
15,15,962,74,117,878,184
13,15,625,69,30,400,214
15,13,440,25,25,144,54
13,12,269,12,13,74,21
13,12,347,24,17,104,21
15,11,221,16,11,39,9
12,11,191,37,1,16,18
14,12,329,18,13,69,12
12,11,170,26,4,25,9
12,13,456,42,20,179,40
13,14,564,19,35,169,32
13,15,1004,75,96,1021,162
15,15,883,55,109,953,165
14,14,634,32,38,302,87
13,15,677,39,44,333,96
15,13,305,1,11,33,12
14,14,479,24,28,109,24
13,14,638,45,21,153,41
15,11,218,16,2,11,5
14,14,533,0,45,139,29
12,11,160,22,3,20,10
13,14,608,31,30,294,25
14,14,482,8,25,111,31
11,13,310,16,11,45,7
15,14,713,33,33,207,49
11,13,452,8,18,71,13
11,13,314,37,7,48,14
13,14,610,91,11,267,139
15,14,606,43,51,311,94
14,12,251,34,4,46,42
15,15,755,80,58,549,193
13,12,265,28,7,59,37
11,11,202,30,8,50,23
13,11,229,27,7,41,22
12,11,120,5,3,13,6
11,12,203,9,9,38,14
12,13,486,24,36,207,68
12,13,435,50,27,170,63
13,14,428,46,23,206,67
11,11,167,17,5,31,12
11,15,508,24,39,306,99
13,11,172,26,6,34,26
12,13,339,20,21,113,39
14,14,539,27,37,277,60
11,15,461,71,23,236,148
15,15,836,101,56,677,249
13,14,477,32,27,188,51
13,14,514,46,21,222,101
12,14,550,38,45,321,72
11,11,145,22,2,14,10
13,13,549,43,30,273,70
11,10,193,11,9,42,10
13,13,438,32,22,173,55
12,14,615,37,62,390,77
11,11,107,20,3,14,15
11,12,234,15,10,53,19
11,13,346,15,25,134,19
12,11,171,10,6,29,11
14,15,501,0,34,124,49
